F6_ID,ORGID,ORGNAME,F6_SHIFR,ORG_SHIFR,F6_COUNT,KUO_COUNT,RAB_COUNT,ZAP_COUNT,ZAB_COUNT,CHECKED,CONFDATE,SUBJ_ID
1,1,"ьйнкю ╧ 0006",01,,,,46,8,0,1,2002-09-07,
3,3,"гюбнд ╧ 0009",01,,,,420,293,0,1,2003-06-27,
4,4,"смхбепяюл ╧ 0013",01,,,,0,0,0,1,2003-05-27,
5,5,"смхбепяюл ╧ 0015",01,,,,0,0,0,1,2003-06-22,
6,6,"гюбнд ╧ 0011",01,,,,420,293,0,1,2003-02-22,
7,7,"смхбепяюл ╧ 0020",01,,,,0,0,0,1,2003-05-27,
8,8,во-0020,01,,,,0,0,0,1,2002-09-26,
9,9,цсо-0019,03,,,,0,0,0,1,2004-11-10,
10,10,цсо-0030,03,,,,0,0,0,1,2003-01-25,
11,11,"гюбнд ╧ 0026",01,,,,420,293,0,1,2003-06-15,
12,12,цсо-0038,03,,,,0,0,0,1,2004-11-10,
13,13,"юорейю ╧ 0032",01,,,,30,1,1,1,2002-11-15,
14,14,во-0035,01,,,,0,0,0,1,2002-11-19,
15,15,"смхбепяюл ╧ 0041",01,,,,0,0,0,1,2002-09-23,
16,16,"юорейю ╧ 0037",01,,,,30,1,1,1,2003-04-01,
17,17,"юорейю ╧ 0038",01,,,,30,1,1,1,2003-04-13,
18,18,"ьйнкю ╧ 0042",01,,,,46,8,0,1,2002-12-22,
19,19,во-0038,01,,,,0,0,0,1,2003-01-07,
20,20,"гюбнд ╧ 0041",01,,,,420,293,0,1,2003-04-03,
21,21,цсо-0046,03,,,,0,0,0,1,2003-07-22,
22,22,"смхбепяюл ╧ 0046",01,,,,0,0,0,1,2003-06-26,
23,23,"юорейю ╧ 0050",01,,,,30,1,1,1,2003-02-25,
24,24,"гюбнд ╧ 0046",01,,,,420,293,0,1,2002-10-10,
25,25,во-0043,01,,,,0,0,0,1,2003-01-29,
26,26,"юорейю ╧ 0052",01,,,,30,1,1,1,2003-02-16,
27,27,"гюбнд ╧ 0053",01,,,,420,293,0,1,2002-12-17,
28,28,цсо-0057,03,,,,0,0,0,1,2003-06-17,
29,29,"гюбнд ╧ 0055",01,,,,420,293,0,1,2002-10-30,
30,30,во-0050,01,,,,0,0,0,1,2003-06-24,
31,31,"гюбнд ╧ 0058",01,,,,420,293,0,1,2003-04-25,
32,32,во-0053,01,,,,0,0,0,1,2002-10-08,
33,33,"смхбепяюл ╧ 0061",01,,,,0,0,0,1,2002-10-05,
34,34,во-0055,01,,,,0,0,0,1,2002-12-22,
35,35,"гюбнд ╧ 0062",01,,,,420,293,0,1,2003-02-26,
36,36,цсо-0063,03,,,,0,0,0,1,2002-12-08,
37,37,"гюбнд ╧ 0066",01,,,,420,293,0,1,2002-10-21,
38,38,цсо-0067,03,,,,0,0,0,1,2002-11-17,
39,39,"гюбнд ╧ 0068",01,,,,420,293,0,1,2002-10-17,
40,40,"гюбнд ╧ 0071",01,,,,420,293,0,1,2002-11-08,
41,41,"ьйнкю ╧ 0060",01,,,,46,8,0,1,2003-01-29,
42,42,"гюбнд ╧ 0072",01,,,,420,293,0,1,2003-03-18,
43,43,"смхбепяюл ╧ 0066",01,,,,0,0,0,1,2002-09-02,
44,44,"юорейю ╧ 0066",01,,,,30,2,1,1,2004-11-16,
45,45,"смхбепяюл ╧ 0069",01,,,,0,0,0,1,2003-07-05,
46,46,"юорейю ╧ 0067",01,,,,30,1,1,1,2003-03-13,
47,47,"смхбепяюл ╧ 0078",01,,,,0,0,0,1,2003-05-14,
48,48,цсо-0083,03,,,,0,0,0,1,2002-10-14,
49,49,"ьйнкю ╧ 0069",01,,,,46,8,0,1,2002-10-01,
50,50,"смхбепяюл ╧ 0084",01,,,,0,0,0,1,2003-07-10,
51,51,"ьйнкю ╧ 0072",01,,,,46,8,0,1,2003-05-17,
52,52,"юорейю ╧ 0081",01,,,,30,1,1,1,2003-02-12,
53,53,"юорейю ╧ 0087",01,,,,30,1,1,1,2003-06-02,
54,54,"смхбепяюл ╧ 0095",01,,,,0,0,0,1,2002-10-11,
55,55,"ьйнкю ╧ 0084",01,,,,46,8,0,1,2003-04-15,
56,56,цсо-0096,03,,,,0,0,0,1,2002-09-04,
57,57,"гюбнд ╧ 0093",01,,,,420,293,0,1,2003-04-23,
58,58,"смхбепяюл ╧ 0097",01,,,,0,0,0,1,2003-05-27,
59,59,во-0094,01,,,,0,0,0,1,2003-03-03,
60,60,во-0096,01,,,,0,0,0,1,2003-07-28,
61,61,"юорейю ╧ 0092",01,,,,30,1,1,1,2003-01-03,
62,62,"смхбепяюл ╧ 0103",01,,,,0,0,0,1,2003-02-22,
63,63,"юорейю ╧ 0096",01,,,,37,3,1,1,2009-10-20,
64,64,"смхбепяюл ╧ 0110",01,,,,0,0,0,1,2003-04-18,
65,65,"смхбепяюл ╧ 0111",01,,,,0,0,0,1,2002-11-03,
66,66,"гюбнд ╧ 0103",01,,,,420,293,0,1,2003-03-12,
67,67,"ьйнкю ╧ 0101",01,,,,46,8,0,1,2002-11-08,
68,68,"гюбнд ╧ 0106",01,,,,420,293,0,1,2002-11-27,
69,69,"юорейю ╧ 0104",01,,,,30,1,1,1,2002-11-22,
70,70,"юорейю ╧ 0105",01,,,,30,1,1,1,2003-03-10,
71,71,цсо-0117,03,,,,0,0,0,1,2003-07-30,
72,72,"ьйнкю ╧ 0110",01,,,,46,8,0,1,2003-02-20,
73,73,во-0118,01,,,,0,0,0,1,2002-12-16,
74,74,"ьйнкю ╧ 0112",01,,,,46,8,0,1,2003-01-03,
75,75,"гюбнд ╧ 0113",01,,,,420,293,0,1,2003-06-28,
76,76,во-0120,01,,,,0,0,0,1,2003-01-16,
77,77,"гюбнд ╧ 0118",01,,,,420,293,0,1,2002-12-15,
78,78,"смхбепяюл ╧ 0127",01,,,,0,0,0,1,2003-04-21,
79,79,цсо-0124,03,,,,0,0,0,1,2003-01-28,
80,80,"смхбепяюл ╧ 0129",01,,,,0,0,0,1,2002-11-13,
81,81,цсо-0129,03,,,,0,0,0,1,2003-04-17,
82,82,"гюбнд ╧ 0124",01,,,,420,293,0,1,2003-05-03,
83,83,"ьйнкю ╧ 0124",01,,,,46,8,0,1,2003-01-01,
84,84,"юорейю ╧ 0124",01,,,,30,1,1,1,2002-08-08,
85,85,"гюбнд ╧ 0134",01,,,,420,293,0,1,2003-02-17,
86,86,цсо-0142,03,,,,0,0,0,1,2002-08-22,
87,87,цсо-0144,03,,,,0,0,0,1,2002-12-10,
88,88,во-0152,01,,,,0,0,0,1,2003-07-24,
89,89,"ьйнкю ╧ 0143",01,,,,46,8,0,1,2002-10-27,
90,90,"гюбнд ╧ 0139",01,,,,420,293,0,1,2002-08-19,
91,91,во-0154,01,,,,0,0,0,1,2003-03-22,
92,92,"гюбнд ╧ 0140",01,,,,420,293,0,1,2003-04-28,
93,93,"смхбепяюл ╧ 0150",01,,,,0,0,0,1,2002-09-07,
94,94,"юорейю ╧ 0140",01,,,,30,1,1,1,2003-07-07,
95,95,цсо-0150,03,,,,0,0,0,1,2002-08-08,
96,96,во-0163,01,,,,0,0,0,1,2002-10-17,
97,97,"юорейю ╧ 0144",01,,,,30,1,1,1,2003-05-05,
98,98,"ьйнкю ╧ 0152",01,,,,46,8,0,1,2003-05-23,
99,99,"смхбепяюл ╧ 0162",01,,,,0,0,0,1,2003-01-23,
100,100,"гюбнд ╧ 0155",01,,,,420,293,0,1,2002-08-09,
101,101,"смхбепяюл ╧ 0174",01,,,,0,0,0,1,2002-09-03,
102,102,во-0172,01,,,,0,0,0,1,2002-12-12,
103,103,"юорейю ╧ 0162",01,,,,30,1,1,1,2002-12-01,
104,104,"гюбнд ╧ 0163",01,,,,420,293,0,1,2002-09-25,
105,105,"ьйнкю ╧ 0176",01,,,,46,8,0,1,2002-09-02,
106,106,во-0180,01,,,,0,0,0,1,2003-07-10,
107,107,"смхбепяюл ╧ 0186",01,,,,0,0,0,1,2003-05-05,
108,108,"юорейю ╧ 0170",01,,,,30,1,1,1,2003-02-10,
109,109,"гюбнд ╧ 0171",01,,,,420,293,0,1,2003-06-19,
110,110,"юорейю ╧ 0172",01,,,,30,1,1,1,2003-01-28,
111,111,"юорейю ╧ 0173",01,,,,30,1,1,1,2003-05-30,
112,112,"юорейю ╧ 0174",01,,,,30,1,1,1,2002-08-02,
113,113,"гюбнд ╧ 0181",01,,,,420,293,0,1,2003-01-06,
114,114,"ьйнкю ╧ 0195",01,,,,46,8,0,1,2003-05-06,
115,115,во-0200,01,,,,0,0,0,1,2003-01-27,
116,116,"гюбнд ╧ 0185",01,,,,420,293,0,1,2002-10-22,
117,117,"ьйнкю ╧ 0197",01,,,,46,8,0,1,2003-06-27,
118,118,"смхбепяюл ╧ 0211",01,,,,0,0,0,1,2002-10-01,
119,119,цсо-0191,03,,,,0,0,0,1,2003-03-08,
120,120,во-0203,01,,,,0,0,0,1,2002-09-23,
121,121,"ьйнкю ╧ 0210",01,,,,46,8,0,1,2003-03-29,
122,122,"смхбепяюл ╧ 0225",01,,,,0,0,0,1,2003-01-27,
123,123,во-0211,01,,,,0,0,0,1,2003-07-26,
124,124,цсо-0204,03,,,,0,0,0,1,2002-09-03,
125,125,"юорейю ╧ 0206",01,,,,30,1,1,1,2003-06-12,
126,126,"гюбнд ╧ 0211",01,,,,420,293,0,1,2002-12-02,
127,127,"смхбепяюл ╧ 0233",01,,,,0,0,0,1,2003-07-03,
128,128,во-0229,01,,,,0,0,0,1,2002-12-12,
129,129,во-0234,01,,,,0,0,0,1,2003-01-29,
130,130,во-0240,01,,,,0,0,0,1,2003-05-20,
131,131,"ьйнкю ╧ 0233",01,,,,46,8,0,1,2002-09-17,
132,132,"гюбнд ╧ 0226",01,,,,420,293,0,1,2002-09-12,
133,133,во-0247,01,,,,0,0,0,1,2003-06-15,
134,134,"гюбнд ╧ 0230",01,,,,420,293,0,1,2002-08-15,
135,135,цсо-0222,03,,,,0,0,0,1,2003-03-03,
136,136,"ьйнкю ╧ 0239",01,,,,46,8,0,1,2003-05-20,
137,137,"ьйнкю ╧ 0244",01,,,,46,8,0,1,2003-02-08,
138,138,"гюбнд ╧ 0239",01,,,,420,293,0,1,2002-11-23,
139,139,"юорейю ╧ 0228",01,,,,30,1,1,1,2002-08-04,
140,140,"юорейю ╧ 0231",01,,,,30,1,1,1,2002-11-20,
141,141,"смхбепяюл ╧ 0257",01,,,,0,0,0,1,2003-06-08,
142,142,"смхбепяюл ╧ 0258",01,,,,0,0,0,1,2003-04-01,
143,143,"гюбнд ╧ 0244",01,,,,420,293,0,1,2003-07-20,
144,144,"смхбепяюл ╧ 0259",01,,,,0,0,0,1,2003-02-24,
145,145,цсо-0230,03,,,,0,0,0,1,2003-04-19,
146,146,"юорейю ╧ 0239",01,,,,30,1,1,1,2002-10-26,
147,147,"гюбнд ╧ 0250",01,,,,420,293,0,1,2003-03-27,
148,148,"ьйнкю ╧ 0254",01,,,,46,8,0,1,2003-01-12,
149,149,цсо-0234,03,,,,0,0,0,1,2002-10-14,
150,150,цсо-0235,03,,,,0,0,0,1,2003-07-20,
151,151,"юорейю ╧ 0242",01,,,,30,1,1,1,2003-07-03,
152,152,"смхбепяюл ╧ 0281",01,,,,0,0,0,1,2003-05-09,
153,153,"юорейю ╧ 0250",01,,,,30,1,1,1,2003-01-07,
154,154,во-0272,01,,,,0,0,0,1,2002-12-13,
155,155,"ьйнкю ╧ 0267",01,,,,46,8,0,1,2003-03-04,
156,156,"юорейю ╧ 0253",01,,,,30,1,1,1,2003-03-27,
157,157,"смхбепяюл ╧ 0289",01,,,,0,0,0,1,2002-10-21,
158,158,"смхбепяюл ╧ 0291",01,,,,0,0,0,1,2003-01-15,
159,159,"ьйнкю ╧ 0273",01,,,,46,8,0,1,2003-05-21,
160,160,"ьйнкю ╧ 0276",01,,,,46,8,0,1,2003-07-21,
161,161,"смхбепяюл ╧ 0295",01,,,,0,0,0,1,2002-08-19,
162,162,"юорейю ╧ 0266",01,,,,30,1,1,1,2003-03-12,
163,163,цсо-0258,03,,,,0,0,0,1,2002-10-15,
164,164,"юорейю ╧ 0275",01,,,,30,1,1,1,2003-06-26,
165,165,цсо-0266,03,,,,0,0,0,1,2003-04-20,
166,166,во-0292,01,,,,0,0,0,1,2003-07-09,
167,167,цсо-0268,03,,,,0,0,0,1,2003-05-01,
168,168,во-0293,01,,,,0,0,0,1,2003-03-07,
169,169,во-0294,01,,,,0,0,0,1,2003-03-27,
170,170,"юорейю ╧ 0282",01,,,,30,1,1,1,2002-11-26,
171,171,"гюбнд ╧ 0282",01,,,,420,293,0,1,2003-04-26,
172,172,"гюбнд ╧ 0284",01,,,,420,293,0,1,2003-03-11,
173,176,цсо-0273,03,,,,0,0,0,1,2003-03-22,
174,173,во-0301,01,,,,0,0,0,1,2003-01-07,
175,174,цсо-0280,03,,,,0,0,0,1,2002-10-14,
176,175,"гюбнд ╧ 0293",01,,,,420,293,0,1,2002-10-26,
177,177,во-0307,01,,,,0,0,0,1,2003-04-01,
178,178,"смхбепяюл ╧ 0325",01,,,,0,0,0,1,2003-03-10,
179,179,цсо-0286,03,,,,0,0,0,1,2003-04-26,
180,180,"гюбнд ╧ 0308",01,,,,420,293,0,1,2002-11-15,
181,181,"ьйнкю ╧ 0331",01,,,,46,8,0,1,2003-01-13,
182,182,"юорейю ╧ 0308",01,,,,30,1,1,1,2003-02-02,
183,183,"юорейю ╧ 0316",01,,,,30,1,1,1,2002-08-22,
184,184,"юорейю ╧ 0319",01,,,,30,1,1,1,2003-04-22,
185,185,"смхбепяюл ╧ 0348",01,,,,0,0,0,1,2003-07-10,
186,186,"гюбнд ╧ 0324",01,,,,420,293,0,1,2002-10-07,
187,187,цсо-0308,03,,,,0,0,0,1,2002-08-22,
188,188,"юорейю ╧ 0322",01,,,,30,1,1,1,2003-01-15,
189,189,"смхбепяюл ╧ 0350",01,,,,0,0,0,1,2003-01-31,
190,190,"смхбепяюл ╧ 0353",01,,,,0,0,0,1,2003-02-27,
191,191,во-0345,01,,,,0,0,0,1,2002-08-01,
192,192,цсо-0317,03,,,,0,0,0,1,2002-10-09,
193,193,цсо-0318,03,,,,0,0,0,1,2002-09-01,
194,194,"гюбнд ╧ 0335",01,,,,420,293,0,1,2003-05-27,
195,195,"гюбнд ╧ 0340",01,,,,420,293,0,1,2003-07-08,
196,196,"ьйнкю ╧ 0347",01,,,,46,8,0,1,2009-10-08,
197,197,"смхбепяюл ╧ 0367",01,,,,0,0,0,1,2003-07-29,
198,198,во-0353,01,,,,0,0,0,1,2002-10-26,
199,199,цсо-0326,03,,,,0,0,0,1,2002-10-18,
200,200,"смхбепяюл ╧ 0371",01,,,,0,0,0,1,2002-11-09,
201,201,"юорейю ╧ 0336",01,,,,30,1,1,1,2003-04-07,
202,202,во-0356,01,,,,0,0,0,1,2003-05-22,
203,203,"ьйнкю ╧ 0352",01,,,,47,10,0,0,2004-10-27,
204,204,"смхбепяюл ╧ 0375",01,,,,0,0,0,1,2002-08-20,
205,205,"гюбнд ╧ 0344",01,,,,420,293,0,1,2002-08-08,
206,206,во-0363,01,,,,0,0,0,1,2003-02-23,
207,207,во-0364,01,,,,0,0,0,1,2002-09-26,
208,208,во-0365,01,,,,0,0,0,1,2003-01-12,
209,209,"смхбепяюл ╧ 0380",01,,,,0,0,0,1,2003-04-12,
210,210,"смхбепяюл ╧ 0383",01,,,,0,0,0,1,2002-09-17,
211,211,"гюбнд ╧ 0359",01,,,,420,293,0,1,2002-11-22,
212,212,во-0370,01,,,,0,0,0,1,2002-11-16,
213,213,во-0372,01,,,,0,0,0,1,2003-03-02,
214,214,цсо-0340,03,,,,0,0,0,1,2003-03-18,
215,215,"юорейю ╧ 0357",01,,,,30,1,1,1,2002-08-05,
216,216,"гюбнд ╧ 0364",01,,,,420,293,0,1,2003-07-19,
217,217,во-0374,01,,,,0,0,0,1,2003-02-27,
218,218,во-0379,01,,,,0,0,0,1,2003-05-03,
219,219,"юорейю ╧ 0361",01,,,,30,1,1,1,2002-12-13,
220,220,цсо-0343,03,,,,0,0,0,1,2003-07-04,
221,221,"смхбепяюл ╧ 0393",01,,,,0,0,0,1,2003-05-09,
222,222,"гюбнд ╧ 0371",01,,,,420,293,0,1,2003-03-24,
223,223,"юорейю ╧ 0363",01,,,,30,1,1,1,2002-10-26,
224,224,"юорейю ╧ 0365",01,,,,30,1,1,1,2003-06-22,
225,225,"ьйнкю ╧ 0372",01,,,,46,8,0,1,2009-10-09,
226,226,"ьйнкю ╧ 0373",01,,,,46,8,0,1,2003-01-01,
227,227,"гюбнд ╧ 0379",01,,,,420,293,0,1,2003-07-10,
228,228,"смхбепяюл ╧ 0399",01,,,,0,0,0,1,2003-01-04,
229,229,"смхбепяюл ╧ 0405",01,,,,0,0,0,1,2003-06-01,
230,230,"смхбепяюл ╧ 0408",01,,,,0,0,0,1,2003-01-30,
231,231,"гюбнд ╧ 0391",01,,,,420,293,0,1,2002-09-20,
232,232,цсо-0364,03,,,,0,0,0,1,2002-08-15,
233,233,"юорейю ╧ 0380",01,,,,30,1,1,1,2002-11-12,
234,234,во-0395,01,,,,0,0,0,1,2003-05-30,
235,235,"ьйнкю ╧ 0387",01,,,,46,8,0,1,2002-12-11,
236,236,"смхбепяюл ╧ 0419",01,,,,0,0,0,1,2002-08-17,
237,237,"ьйнкю ╧ 0390",01,,,,46,8,0,1,2002-09-29,
239,239,"юорейю ╧ 0389",01,,,,30,1,1,1,2002-11-04,
240,240,во-0403,01,,,,0,0,0,1,2002-09-02,
241,241,"юорейю ╧ 0390",01,,,,30,1,1,1,2002-11-15,
242,242,во-0406,01,,,,0,0,0,1,2003-03-13,
243,243,цсо-0377,03,,,,0,0,0,1,2003-04-25,
244,244,во-0408,01,,,,0,0,0,1,2003-04-20,
245,245,"гюбнд ╧ 0405",01,,,,420,293,0,1,2003-03-05,
246,246,"смхбепяюл ╧ 0428",01,,,,0,0,0,1,2002-09-02,
247,247,во-0413,01,,,,0,0,0,1,2003-07-12,
248,248,"гюбнд ╧ 0415",01,,,,420,293,0,1,2002-09-21,
249,249,во-0418,01,,,,0,0,0,1,2003-02-18,
250,250,во-0419,01,,,,0,0,0,1,2003-07-15,
251,251,"гюбнд ╧ 0421",01,,,,420,293,0,1,2003-05-10,
252,252,"ьйнкю ╧ 0414",01,,,,46,8,0,1,2002-10-19,
253,253,"смхбепяюл ╧ 0439",01,,,,0,0,0,1,2002-11-29,
254,254,"ьйнкю ╧ 0416",01,,,,46,8,0,1,2003-07-06,
255,255,"смхбепяюл ╧ 0443",01,,,,0,0,0,1,2003-03-12,
256,256,"юорейю ╧ 0406",01,,,,30,1,1,1,2003-01-05,
257,257,во-0430,01,,,,0,0,0,1,2003-03-18,
258,258,"смхбепяюл ╧ 0445",01,,,,0,0,0,1,2003-05-19,
259,259,"ьйнкю ╧ 0419",01,,,,46,8,0,1,2002-12-13,
260,260,"ьйнкю ╧ 0420",01,,,,46,8,0,1,2003-06-15,
261,261,"юорейю ╧ 0409",01,,,,30,1,1,1,2002-08-04,
262,262,"гюбнд ╧ 0424",01,,,,420,293,0,1,2003-07-21,
263,263,"смхбепяюл ╧ 0446",01,,,,0,0,0,1,2003-02-07,
264,264,"ьйнкю ╧ 0425",01,,,,46,8,0,1,2003-02-19,
265,265,во-0432,01,,,,0,0,0,1,2003-01-26,
266,266,"юорейю ╧ 0413",01,,,,30,1,1,1,2003-07-11,
267,267,"смхбепяюл ╧ 0450",01,,,,0,0,0,1,2003-02-21,
268,268,"смхбепяюл ╧ 0454",01,,,,0,0,0,1,2003-04-07,
269,269,"ьйнкю ╧ 0429",01,,,,46,8,0,1,2002-11-06,
270,270,"юорейю ╧ 0419",01,,,,30,1,1,1,2002-10-11,
271,271,"ьйнкю ╧ 0434",01,,,,46,8,0,1,2003-04-10,
272,272,"смхбепяюл ╧ 0456",01,,,,0,0,0,1,2002-08-16,
273,273,цсо-0418,03,,,,0,0,0,1,2003-06-05,
274,274,"юорейю ╧ 0422",01,,,,30,1,1,1,2002-09-18,
275,275,во-0439,01,,,,0,0,0,1,2003-06-14,
276,276,"смхбепяюл ╧ 0459",01,,,,0,0,0,1,2003-03-28,
277,277,во-0441,01,,,,0,0,0,1,2003-01-05,
278,278,"юорейю ╧ 0428",01,,,,30,1,1,1,2003-02-16,
279,279,"юорейю ╧ 0429",01,,,,30,1,1,1,2003-05-12,
280,280,"юорейю ╧ 0430",01,,,,30,1,1,1,2003-06-30,
281,281,цсо-0425,03,,,,0,0,0,1,2003-03-20,
282,282,во-0444,01,,,,0,0,0,1,2002-10-18,
283,283,"гюбнд ╧ 0439",01,,,,420,293,0,1,2002-09-29,
284,284,"гюбнд ╧ 0440",01,,,,420,293,0,1,2003-04-25,
285,285,"юорейю ╧ 0431",01,,,,30,1,1,1,2002-08-24,
286,286,"ьйнкю ╧ 0454",01,,,,46,8,0,1,2003-02-27,
287,287,цсо-0435,03,,,,0,0,0,1,2003-06-11,
288,288,"ьйнкю ╧ 0456",01,,,,46,8,0,1,2003-07-16,
289,289,"ьйнкю ╧ 0459",01,,,,46,8,0,1,2002-09-26,
290,290,"юорейю ╧ 0437",01,,,,30,1,1,1,2003-07-05,
291,291,"смхбепяюл ╧ 0479",01,,,,0,0,0,1,2003-05-26,
292,292,"юорейю ╧ 0440",01,,,,30,1,1,1,2003-06-27,
293,293,"гюбнд ╧ 0446",01,,,,420,293,0,1,2003-01-19,
294,294,"смхбепяюл ╧ 0484",01,,,,0,0,0,1,2002-11-25,
295,295,цсо-0448,03,,,,0,0,0,1,2003-01-01,
296,296,"юорейю ╧ 0451",01,,,,30,1,1,1,2002-11-16,
297,297,"юорейю ╧ 0452",01,,,,30,1,1,1,2002-10-31,
298,298,"смхбепяюл ╧ 0493",01,,,,0,0,0,1,2003-06-26,
299,299,"ьйнкю ╧ 0472",01,,,,46,8,0,1,2002-08-07,
300,300,"гюбнд ╧ 0458",01,,,,420,293,0,1,2003-07-10,
301,301,"ьйнкю ╧ 0474",01,,,,46,8,0,1,2003-05-14,
302,302,"юорейю ╧ 0463",01,,,,30,1,1,1,2003-02-27,
303,303,во-0469,01,,,,0,0,0,1,2003-07-02,
304,304,"смхбепяюл ╧ 0503",01,,,,0,0,0,1,2002-11-27,
305,305,цсо-0462,03,,,,0,0,0,1,2003-07-22,
306,306,"ьйнкю ╧ 0482",01,,,,46,8,0,1,2002-09-10,
307,307,"юорейю ╧ 0471",01,,,,30,1,1,1,2003-06-04,
308,308,во-0474,01,,,,0,0,0,1,2003-04-06,
309,309,цсо-0463,03,,,,0,0,0,1,2003-06-14,
310,310,"ьйнкю ╧ 0490",01,,,,46,8,0,1,2003-05-20,
311,311,"гюбнд ╧ 0474",01,,,,420,293,0,1,2003-07-18,
312,312,во-0484,01,,,,0,0,0,1,2002-11-19,
313,313,цсо-0470,03,,,,0,0,0,1,2003-06-01,
314,314,во-0486,01,,,,0,0,0,1,2003-01-06,
315,315,"гюбнд ╧ 0475",01,,,,420,293,0,1,2003-07-20,
316,316,во-0488,01,,,,0,0,0,1,2003-02-26,
317,317,"юорейю ╧ 0483",01,,,,30,1,1,1,2003-03-27,
318,318,"ьйнкю ╧ 0497",01,,,,46,8,0,1,2003-02-05,
319,319,"ьйнкю ╧ 0498",01,,,,46,8,0,1,2002-09-23,
320,320,цсо-0476,03,,,,0,0,0,1,2003-04-11,
321,321,"гюбнд ╧ 0480",01,,,,420,293,0,1,2003-05-31,
322,322,"юорейю ╧ 0489",01,,,,30,1,1,1,2003-05-03,
323,323,"юорейю ╧ 0496",01,,,,30,1,1,1,2003-05-21,
324,324,во-0499,01,,,,0,0,0,1,2003-06-02,
325,325,цсо-0484,03,,,,0,0,0,1,2003-03-27,
326,326,во-0506,01,,,,0,0,0,1,2003-06-25,
327,327,"смхбепяюл ╧ 0533",01,,,,0,0,0,1,2002-09-16,
328,328,во-0508,01,,,,0,0,0,1,2002-11-13,
329,329,"смхбепяюл ╧ 0537",01,,,,0,0,0,1,2003-05-24,
330,330,во-0511,01,,,,0,0,0,1,2003-05-22,
331,331,"гюбнд ╧ 0497",01,,,,420,293,0,1,2002-12-12,
332,332,"смхбепяюл ╧ 0549",01,,,,0,0,0,1,2003-07-15,
333,333,во-0518,01,,,,0,0,0,1,2002-11-28,
334,334,"юорейю ╧ 0524",01,,,,30,1,1,1,2003-07-05,
335,335,"смхбепяюл ╧ 0563",01,,,,0,0,0,1,2003-04-21,
336,336,"смхбепяюл ╧ 0564",01,,,,0,0,0,1,2003-03-26,
337,337,"смхбепяюл ╧ 0565",01,,,,0,0,0,1,2003-02-19,
338,338,цсо-0523,03,,,,0,0,0,1,2003-05-02,
339,339,"смхбепяюл ╧ 0566",01,,,,0,0,0,1,2003-03-15,
340,340,"гюбнд ╧ 0512",01,,,,420,293,0,1,2002-08-14,
341,341,во-0533,01,,,,0,0,0,1,2002-10-22,
342,342,"ьйнкю ╧ 0544",01,,,,46,8,0,1,2003-07-21,
343,343,цсо-0531,03,,,,0,0,0,1,2003-02-24,
344,344,"юорейю ╧ 0529",01,,,,30,1,1,1,2002-10-17,
345,345,"смхбепяюл ╧ 0575",01,,,,0,0,0,1,2003-07-16,
346,346,"ьйнкю ╧ 0553",01,,,,46,8,0,1,2002-11-18,
347,347,цсо-0542,03,,,,0,0,0,1,2003-06-05,
348,348,"ьйнкю ╧ 0554",01,,,,46,8,0,1,2002-10-29,
349,349,"юорейю ╧ 0537",01,,,,30,1,1,1,2003-04-16,
350,350,"юорейю ╧ 0540",01,,,,30,1,1,1,2003-05-25,
351,351,"смхбепяюл ╧ 0589",01,,,,0,0,0,1,2002-11-06,
352,352,"гюбнд ╧ 0534",01,,,,420,293,0,1,2003-01-09,
353,353,"ьйнкю ╧ 0559",01,,,,46,8,0,1,2003-01-19,
354,354,"смхбепяюл ╧ 0593",01,,,,0,0,0,1,2003-04-10,
355,355,"гюбнд ╧ 0536",01,,,,420,293,0,1,2003-06-04,
356,356,"юорейю ╧ 0549",01,,,,30,1,1,1,2003-07-05,
357,357,"смхбепяюл ╧ 0597",01,,,,0,0,0,1,2002-12-13,
358,358,"юорейю ╧ 0552",01,,,,30,1,1,1,2002-11-06,
359,359,"смхбепяюл ╧ 0598",01,,,,0,0,0,1,2002-08-09,
360,360,"смхбепяюл ╧ 0601",01,,,,0,0,0,1,2003-05-03,
361,361,цсо-0564,03,,,,0,0,0,1,2003-03-15,
362,362,"гюбнд ╧ 0549",01,,,,420,293,0,1,2003-04-24,
363,363,"ьйнкю ╧ 0571",01,,,,46,8,0,1,2003-05-23,
364,364,во-0586,01,,,,0,0,0,1,2003-03-29,
365,365,"ьйнкю ╧ 0572",01,,,,46,8,0,1,2003-04-11,
366,366,"юорейю ╧ 0568",01,,,,30,1,1,1,2003-02-07,
367,367,во-0590,01,,,,0,0,0,1,2003-06-05,
368,368,во-0595,01,,,,0,0,0,1,2002-11-21,
369,369,"ьйнкю ╧ 0584",01,,,,46,8,0,1,2002-08-08,
370,370,"ьйнкю ╧ 0586",01,,,,46,8,0,1,2002-08-25,
371,371,"гюбнд ╧ 0563",01,,,,420,293,0,1,2003-02-25,
372,372,"ьйнкю ╧ 0591",01,,,,46,8,0,1,2003-07-18,
373,375,"смхбепяюл ╧ 0619",01,,,,0,0,0,1,2003-03-13,
374,373,во-0599,01,,,,0,0,0,1,2002-11-07,
375,376,цсо-0580,03,,,,0,0,0,1,2002-11-05,
376,377,цсо-0585,03,,,,0,0,0,1,2003-05-29,
377,374,"гюбнд ╧ 0570",01,,,,420,293,0,1,2002-11-02,
378,378,во-0605,01,,,,0,0,0,1,2003-05-15,
379,379,"гюбнд ╧ 0576",01,,,,420,293,0,1,2003-07-27,
380,380,"смхбепяюл ╧ 0635",01,,,,0,0,0,1,2003-07-23,
381,381,"ьйнкю ╧ 0599",01,,,,46,8,0,1,2003-02-14,
382,382,"юорейю ╧ 0590",01,,,,30,1,1,1,2003-04-17,
383,383,цсо-0594,03,,,,0,0,0,1,2003-01-12,
384,384,"гюбнд ╧ 0578",01,,,,420,293,0,1,2002-12-13,
385,385,цсо-0601,03,,,,0,0,0,1,2002-08-23,
386,386,"смхбепяюл ╧ 0641",01,,,,0,0,0,1,2002-09-23,
387,387,"ьйнкю ╧ 0606",01,,,,46,8,0,1,2003-05-20,
388,388,"смхбепяюл ╧ 0643",01,,,,0,0,0,1,2003-06-09,
389,389,"юорейю ╧ 0600",01,,,,30,1,1,1,2003-04-11,
390,390,"юорейю ╧ 0601",01,,,,30,1,1,1,2003-06-24,
391,391,"юорейю ╧ 0602",01,,,,30,1,1,1,2003-01-28,
392,392,"гюбнд ╧ 0590",01,,,,420,293,0,1,2003-01-14,
393,393,"юорейю ╧ 0604",01,,,,30,1,1,1,2002-09-16,
394,394,во-0626,01,,,,0,0,0,1,2003-03-26,
395,395,"гюбнд ╧ 0591",01,,,,420,293,0,1,2002-08-30,
396,396,"юорейю ╧ 0605",01,,,,30,1,1,1,2002-09-29,
397,397,"юорейю ╧ 0608",01,,,,30,1,1,1,2002-08-15,
398,398,"ьйнкю ╧ 0622",01,,,,46,8,0,1,2003-03-09,
399,399,во-0629,01,,,,0,0,0,1,2003-05-31,
400,400,"ьйнкю ╧ 0623",01,,,,46,8,0,1,2003-05-30,
401,401,цсо-0622,03,,,,0,0,0,1,2002-12-15,
402,402,"ьйнкю ╧ 0626",01,,,,46,8,0,1,2003-06-10,
403,403,"юорейю ╧ 0616",01,,,,30,1,1,1,2002-11-09,
404,404,во-0639,01,,,,0,0,0,1,2003-04-23,
405,405,"гюбнд ╧ 0605",01,,,,420,293,0,1,2002-09-14,
406,406,"гюбнд ╧ 0607",01,,,,420,293,0,1,2002-11-29,
407,407,"гюбнд ╧ 0608",01,,,,420,293,0,1,2003-05-02,
408,408,"гюбнд ╧ 0611",01,,,,420,293,0,1,2003-03-30,
409,409,"смхбепяюл ╧ 0680",01,,,,0,0,0,1,2003-07-14,
410,410,цсо-0636,03,,,,0,0,0,1,2002-09-05,
411,411,цсо-0641,03,,,,0,0,0,1,2003-03-29,
412,412,"ьйнкю ╧ 0639",01,,,,46,8,0,1,2003-07-01,
413,413,"ьйнкю ╧ 0641",01,,,,46,8,0,1,2002-11-29,
414,414,"гюбнд ╧ 0621",01,,,,420,293,0,1,2002-09-16,
415,415,"юорейю ╧ 0635",01,,,,30,1,1,1,2003-05-26,
416,416,"ьйнкю ╧ 0642",01,,,,46,8,0,1,2003-04-21,
417,417,"гюбнд ╧ 0626",01,,,,420,293,0,1,2003-04-04,
418,418,"смхбепяюл ╧ 0696",01,,,,0,0,0,1,2003-03-16,
419,419,"гюбнд ╧ 0629",01,,,,420,293,0,1,2003-04-02,
420,420,"смхбепяюл ╧ 0701",01,,,,0,0,0,1,2003-07-01,
421,421,"смхбепяюл ╧ 0702",01,,,,0,0,0,1,2002-12-07,
422,422,"ьйнкю ╧ 0650",01,,,,46,8,0,1,2002-11-03,
423,423,"юорейю ╧ 0650",01,,,,30,1,1,1,2002-11-08,
424,424,"юорейю ╧ 0654",01,,,,30,1,1,1,2002-10-16,
425,425,"юорейю ╧ 0655",01,,,,30,1,1,1,2003-03-24,
426,426,"смхбепяюл ╧ 0712",01,,,,0,0,0,1,2003-04-19,
427,427,"ьйнкю ╧ 0658",01,,,,46,8,0,1,2002-10-29,
428,428,"гюбнд ╧ 0647",01,,,,420,293,0,1,2002-10-22,
429,429,во-0681,01,,,,0,0,0,1,2003-07-28,
430,430,цсо-0670,03,,,,0,0,0,1,2003-01-03,
431,431,"гюбнд ╧ 0651",01,,,,420,293,0,1,2002-09-01,
432,432,"смхбепяюл ╧ 0721",01,,,,0,0,0,1,2002-11-12,
433,433,"гюбнд ╧ 0655",01,,,,420,293,0,1,2003-03-03,
434,434,"смхбепяюл ╧ 0724",01,,,,0,0,0,1,2002-11-29,
435,435,"юорейю ╧ 0676",01,,,,30,1,1,1,2002-12-08,
436,436,"гюбнд ╧ 0663",01,,,,420,293,0,1,2002-10-02,
437,437,"гюбнд ╧ 0668",01,,,,420,293,0,1,2003-02-25,
438,438,цсо-0685,03,,,,0,0,0,1,2002-11-27,
439,439,"смхбепяюл ╧ 0742",01,,,,0,0,0,1,2003-05-10,
440,440,во-0707,01,,,,0,0,0,1,2003-02-21,
441,441,цсо-0693,03,,,,0,0,0,1,2003-03-16,
442,442,"гюбнд ╧ 0686",01,,,,420,293,0,1,2003-01-05,
443,443,"смхбепяюл ╧ 0752",01,,,,0,0,0,1,2002-10-25,
444,444,"ьйнкю ╧ 0700",01,,,,46,8,0,1,2003-01-12,
445,445,"ьйнкю ╧ 0702",01,,,,46,8,0,1,2003-04-12,
446,446,"ьйнкю ╧ 0707",01,,,,46,8,0,1,2003-06-25,
447,447,"юорейю ╧ 0722",01,,,,30,1,1,1,2003-03-28,
448,448,цсо-0709,03,,,,0,0,0,1,2003-02-15,
449,449,цсо-0710,03,,,,0,0,0,1,2003-04-04,
450,450,"смхбепяюл ╧ 0764",01,,,,0,0,0,1,2003-02-10,
451,451,"юорейю ╧ 0725",01,,,,30,1,1,1,2003-01-18,
452,452,"смхбепяюл ╧ 0768",01,,,,0,0,0,1,2002-10-14,
453,453,цсо-0718,03,,,,0,0,0,1,2003-03-04,
454,454,"гюбнд ╧ 0708",01,,,,420,293,0,1,2003-02-05,
455,455,"юорейю ╧ 0729",01,,,,30,1,1,1,2002-10-26,
456,456,"юорейю ╧ 0735",01,,,,30,1,1,1,2002-11-02,
457,457,цсо-0726,03,,,,0,0,0,1,2002-12-21,
458,458,"юорейю ╧ 0738",01,,,,30,1,1,1,2003-02-11,
459,459,во-0746,01,,,,0,0,0,1,2003-07-17,
460,460,"смхбепяюл ╧ 0787",01,,,,0,0,0,1,2003-06-06,
461,461,"ьйнкю ╧ 0734",01,,,,46,8,0,1,2003-06-28,
462,462,во-0756,01,,,,0,0,0,1,2002-12-14,
463,463,"смхбепяюл ╧ 0791",01,,,,0,0,0,1,2003-04-03,
464,464,во-0759,01,,,,0,0,0,1,2002-11-26,
465,465,"юорейю ╧ 0752",01,,,,30,1,1,1,2003-02-03,
466,466,"смхбепяюл ╧ 0798",01,,,,0,0,0,1,2003-01-22,
467,467,во-0760,01,,,,0,0,0,1,2003-02-19,
468,468,во-0765,01,,,,0,0,0,1,2003-01-08,
469,469,во-0771,01,,,,0,0,0,1,2002-10-14,
470,470,"гюбнд ╧ 0740",01,,,,420,293,0,1,2002-09-18,
471,471,"гюбнд ╧ 0745",01,,,,420,293,0,1,2003-03-31,
472,472,"гюбнд ╧ 0746",01,,,,420,293,0,1,2002-08-13,
473,473,"гюбнд ╧ 0749",01,,,,420,293,0,1,2002-12-12,
474,474,"юорейю ╧ 0781",01,,,,30,1,1,1,2002-12-09,
475,475,во-0782,01,,,,0,0,0,1,2003-07-31,
476,476,цсо-0759,03,,,,0,0,0,1,2003-02-06,
477,477,"гюбнд ╧ 0758",01,,,,420,293,0,1,2002-12-08,
478,478,"гюбнд ╧ 0759",01,,,,420,293,0,1,2002-08-30,
479,479,"смхбепяюл ╧ 0820",01,,,,0,0,0,1,2003-03-03,
480,480,"ьйнкю ╧ 0772",01,,,,46,8,0,1,2003-05-31,
481,481,цсо-0765,03,,,,0,0,0,1,2002-10-05,
482,482,"смхбепяюл ╧ 0826",01,,,,0,0,0,1,2003-04-22,
483,484,цсо-0768,03,,,,0,0,0,1,2003-06-21,
484,483,"смхбепяюл ╧ 0830",01,,,,0,0,0,1,2006-05-17,
485,485,во-0795,01,,,,0,0,0,1,2002-10-29,
486,486,"гюбнд ╧ 0771",01,,,,420,293,0,1,2003-06-06,
487,487,цсо-0777,03,,,,0,0,0,1,2003-02-10,
488,488,"юорейю ╧ 0799",01,,,,30,1,1,1,2002-08-02,
489,489,"юорейю ╧ 0800",01,,,,30,1,1,1,2002-11-12,
490,490,во-0799,01,,,,0,0,0,1,2003-06-23,
491,491,"гюбнд ╧ 0780",01,,,,420,293,0,1,2002-09-17,
492,492,"смхбепяюл ╧ 0841",01,,,,0,0,0,1,2002-10-21,
493,493,"юорейю ╧ 0810",01,,,,30,1,1,1,2002-08-14,
494,494,"юорейю ╧ 0811",01,,,,30,1,1,1,2003-01-26,
495,495,во-0805,01,,,,0,0,0,1,2003-04-24,
496,496,цсо-0795,03,,,,0,0,0,1,2002-12-06,
497,497,"гюбнд ╧ 0793",01,,,,420,293,0,1,2003-03-23,
498,498,во-0810,01,,,,0,0,0,1,2003-05-23,
499,499,"смхбепяюл ╧ 0851",01,,,,0,0,0,1,2003-05-22,
500,500,цсо-0802,03,,,,0,0,0,1,2003-06-03,
501,501,"ьйнкю ╧ 0798",01,,,,46,8,0,1,2002-09-29,
502,502,цсо-0803,03,,,,0,0,0,1,2002-10-10,
503,503,"смхбепяюл ╧ 0854",01,,,,0,0,0,1,2003-04-05,
504,504,цсо-0808,03,,,,0,0,0,1,2003-01-03,
505,505,во-0824,01,,,,0,0,0,1,2002-11-23,
506,506,"смхбепяюл ╧ 0859",01,,,,0,0,0,1,2003-03-06,
507,507,во-0831,01,,,,0,0,0,1,2003-02-10,
508,508,"юорейю ╧ 0827",01,,,,30,1,1,1,2003-04-19,
509,509,"ьйнкю ╧ 0811",01,,,,46,8,0,1,2003-04-30,
510,510,"ьйнкю ╧ 0813",01,,,,46,8,0,1,2002-12-17,
511,511,цсо-0824,03,,,,0,0,0,1,2003-03-11,
512,512,"гюбнд ╧ 0817",01,,,,420,293,0,1,2003-06-18,
513,513,во-0845,01,,,,0,0,0,1,2002-11-19,
514,514,цсо-0833,03,,,,0,0,0,1,2003-03-02,
515,515,"смхбепяюл ╧ 0881",01,,,,0,0,0,1,2003-02-03,
516,516,"гюбнд ╧ 0823",01,,,,420,293,0,1,2003-03-21,
517,517,"смхбепяюл ╧ 0899",01,,,,0,0,0,1,2003-05-11,
518,518,во-0862,01,,,,0,0,0,1,2003-07-30,
519,519,"гюбнд ╧ 0837",01,,,,420,293,0,1,2002-10-02,
520,520,"юорейю ╧ 0854",01,,,,30,1,1,1,2003-02-24,
521,521,"ьйнкю ╧ 0850",01,,,,46,8,0,1,2003-01-24,
522,522,"гюбнд ╧ 0841",01,,,,420,293,0,1,2002-12-18,
523,523,"юорейю ╧ 0861",01,,,,30,1,1,1,2003-03-12,
524,524,"ьйнкю ╧ 0859",01,,,,46,8,0,1,2002-09-06,
525,525,"гюбнд ╧ 0851",01,,,,420,293,0,1,2002-08-04,
526,526,цсо-0855,03,,,,0,0,0,1,2002-11-20,
527,528,цсо-0860,03,,,,0,0,0,1,2003-04-20,
528,527,"смхбепяюл ╧ 0925",01,,,,0,0,0,1,2002-11-02,
529,529,"гюбнд ╧ 0859",01,,,,420,293,0,1,2003-05-18,
530,530,во-0877,01,,,,0,0,0,1,2003-04-08,
531,531,во-0882,01,,,,0,0,0,1,2003-04-24,
532,532,"гюбнд ╧ 0872",01,,,,420,293,0,1,2003-02-18,
533,533,"юорейю ╧ 0878",01,,,,30,1,1,1,2003-03-15,
534,534,"юорейю ╧ 0880",01,,,,30,1,1,1,2003-01-12,
535,535,"смхбепяюл ╧ 0936",01,,,,0,0,0,1,2003-05-04,
536,536,"юорейю ╧ 0885",01,,,,30,1,1,1,2002-09-22,
537,537,"гюбнд ╧ 0897",01,,,,420,293,0,1,2002-09-15,
538,538,"смхбепяюл ╧ 0950",01,,,,0,0,0,1,2003-07-25,
539,539,во-0906,01,,,,0,0,0,1,2002-10-26,
540,540,"юорейю ╧ 0901",01,,,,30,1,1,1,2002-12-07,
541,541,во-0910,01,,,,0,0,0,1,2003-06-10,
542,542,"гюбнд ╧ 0909",01,,,,420,293,0,1,2003-03-04,
543,543,цсо-0898,03,,,,0,0,0,1,2002-08-12,
544,544,цсо-0902,03,,,,0,0,0,1,2003-06-05,
545,545,"ьйнкю ╧ 0915",01,,,,46,8,0,1,2002-11-28,
546,546,"ьйнкю ╧ 0916",01,,,,46,8,0,1,2003-03-18,
547,547,"смхбепяюл ╧ 0964",01,,,,0,0,0,1,2002-11-07,
548,548,"ьйнкю ╧ 0922",01,,,,46,8,0,1,2003-02-01,
549,549,во-0925,01,,,,0,0,0,1,2003-07-13,
550,550,"юорейю ╧ 0908",01,,,,30,1,1,1,2002-09-11,
551,551,цсо-0915,03,,,,0,0,0,1,2003-02-04,
552,552,во-0927,01,,,,0,0,0,1,2003-05-06,
553,553,цсо-0916,03,,,,0,0,0,1,2003-03-05,
554,554,"ьйнкю ╧ 0928",01,,,,46,8,0,1,2003-05-12,
555,555,во-0929,01,,,,0,0,0,1,2003-05-06,
556,556,"ьйнкю ╧ 0931",01,,,,46,8,0,1,2003-07-20,
557,557,цсо-0920,03,,,,0,0,0,1,2002-11-02,
558,558,во-0931,01,,,,0,0,0,1,2002-11-06,
559,559,цсо-0923,03,,,,0,0,0,1,2002-11-05,
560,560,"юорейю ╧ 0922",01,,,,30,1,1,1,2002-08-27,
561,561,"ьйнкю ╧ 0941",01,,,,46,8,0,1,2002-09-20,
562,562,во-0948,01,,,,0,0,0,1,2003-01-09,
563,563,цсо-0934,03,,,,0,0,0,1,2003-02-02,
564,564,во-0951,01,,,,0,0,0,1,2002-11-08,
565,565,"гюбнд ╧ 0950",01,,,,420,293,0,1,2003-05-30,
566,566,во-0956,01,,,,0,0,0,1,2003-06-19,
567,567,"смхбепяюл ╧ 0993",01,,,,0,0,0,1,2003-04-11,
568,568,"юорейю ╧ 0939",01,,,,30,1,1,1,2002-10-13,
569,569,во-0961,01,,,,0,0,0,1,2002-11-14,
570,570,"гюбнд ╧ 0961",01,,,,420,293,0,1,2002-08-22,
571,571,"юорейю ╧ 0941",01,,,,30,1,1,1,2003-02-04,
572,572,"ьйнкю ╧ 0963",01,,,,46,8,0,1,2003-01-24,
573,573,цсо-0957,03,,,,0,0,0,1,2002-12-20,
574,574,"смхбепяюл ╧ 1006",01,,,,0,0,0,1,2003-04-23,
575,575,во-0968,01,,,,0,0,0,1,2002-09-20,
576,576,во-0969,01,,,,0,0,0,1,2002-09-26,
577,577,цсо-0967,03,,,,0,0,0,1,2003-04-15,
578,578,"юорейю ╧ 0954",01,,,,30,1,1,1,2002-09-16,
579,579,во-0974,01,,,,0,0,0,1,2002-10-12,
580,580,"смхбепяюл ╧ 1018",01,,,,0,0,0,1,2003-07-19,
581,581,во-0985,01,,,,0,0,0,1,2003-07-08,
582,582,"ьйнкю ╧ 0979",01,,,,46,8,0,1,2003-04-15,
583,583,"юорейю ╧ 0964",01,,,,30,1,1,1,2002-09-18,
584,584,"гюбнд ╧ 0982",01,,,,420,293,0,1,2003-07-31,
585,585,"смхбепяюл ╧ 1020",01,,,,0,0,0,1,2003-07-24,
586,586,"гюбнд ╧ 0985",01,,,,420,293,0,1,2003-03-30,
587,587,"гюбнд ╧ 0987",01,,,,420,293,0,1,2003-01-06,
588,588,"юорейю ╧ 0970",01,,,,30,1,1,1,2002-10-30,
589,589,цсо-0982,03,,,,0,0,0,1,2003-04-09,
590,590,во-0989,01,,,,0,0,0,1,2002-10-12,
591,591,"смхбепяюл ╧ 1028",01,,,,0,0,0,1,2003-01-14,
592,592,во-0994,01,,,,0,0,0,1,2002-08-02,
593,593,во-0997,01,,,,0,0,0,1,2002-08-25,
594,594,"смхбепяюл ╧ 1036",01,,,,0,0,0,1,2003-04-18,
595,595,цсо-0997,03,,,,0,0,0,1,2003-06-02,
596,596,"юорейю ╧ 0989",01,,,,30,1,1,1,2003-05-02,
597,597,"смхбепяюл ╧ 1048",01,,,,0,0,0,1,2002-12-06,
598,598,"смхбепяюл ╧ 1052",01,,,,0,0,0,1,2003-01-17,
599,599,"гюбнд ╧ 1009",01,,,,420,293,0,1,2003-01-17,
600,600,цсо-1006,03,,,,0,0,0,1,2003-01-25,
601,601,цсо-1012,03,,,,0,0,0,1,2003-06-24,
602,602,"смхбепяюл ╧ 1060",01,,,,0,0,0,1,2002-08-18,
603,603,"юорейю ╧ 1000",01,,,,30,1,1,1,2002-09-23,
604,604,"ьйнкю ╧ 1019",01,,,,46,8,0,1,2003-07-03,
605,605,во-1023,01,,,,0,0,0,1,2003-07-14,
606,606,"гюбнд ╧ 1023",01,,,,420,293,0,1,2003-02-10,
607,607,"смхбепяюл ╧ 1078",01,,,,0,0,0,1,2002-12-08,
608,608,во-1026,01,,,,0,0,0,1,2003-03-03,
609,609,цсо-1033,03,,,,0,0,0,1,2002-11-26,
610,610,"юорейю ╧ 1008",01,,,,30,1,1,1,2003-02-09,
611,611,во-1034,01,,,,0,0,0,1,2003-07-25,
612,612,цсо-1039,03,,,,0,0,0,1,2003-04-02,
613,613,"юорейю ╧ 1009",01,,,,30,1,1,1,2003-06-02,
614,614,цсо-1046,03,,,,0,0,0,1,2002-11-18,
615,615,"смхбепяюл ╧ 1088",01,,,,0,0,0,1,2003-04-25,
616,616,"юорейю ╧ 1014",01,,,,30,1,1,1,2002-09-25,
617,617,"смхбепяюл ╧ 1102",01,,,,0,0,0,1,2003-04-26,
618,618,"смхбепяюл ╧ 1108",01,,,,0,0,0,1,2002-11-05,
619,619,во-1060,01,,,,0,0,0,1,2003-07-27,
620,620,"ьйнкю ╧ 1046",01,,,,46,8,0,1,2003-05-06,
621,621,"ьйнкю ╧ 1053",01,,,,46,8,0,1,2003-07-05,
622,622,"ьйнкю ╧ 1054",01,,,,46,8,0,1,2002-09-14,
623,623,"юорейю ╧ 1031",01,,,,30,1,1,1,2003-07-31,
624,624,во-1071,01,,,,0,0,0,1,2002-08-05,
625,625,"смхбепяюл ╧ 1133",01,,,,0,0,0,1,2002-10-13,
626,626,"юорейю ╧ 1042",01,,,,30,1,1,1,2003-05-01,
627,627,"ьйнкю ╧ 1062",01,,,,46,8,0,1,2002-12-15,
628,628,"гюбнд ╧ 1060",01,,,,420,293,0,1,2002-09-29,
629,629,"юорейю ╧ 1047",01,,,,30,1,1,1,2003-02-17,
630,630,"юорейю ╧ 1051",01,,,,30,1,1,1,2003-07-15,
631,631,"юорейю ╧ 1052",01,,,,30,1,1,1,2003-05-04,
632,632,во-1081,01,,,,0,0,0,1,2003-04-26,
633,633,"юорейю ╧ 1053",01,,,,30,1,1,1,2003-05-14,
634,634,"юорейю ╧ 1056",01,,,,30,1,1,1,2002-09-09,
635,635,во-1087,01,,,,0,0,0,1,2003-04-21,
636,636,"гюбнд ╧ 1069",01,,,,420,293,0,1,2002-10-31,
637,637,"гюбнд ╧ 1071",01,,,,420,293,0,1,2003-04-03,
638,638,"юорейю ╧ 1063",01,,,,30,1,1,1,2003-06-17,
639,639,цсо-1095,03,,,,0,0,0,1,2002-10-21,
640,640,"гюбнд ╧ 1075",01,,,,420,293,0,1,2002-09-14,
641,641,"ьйнкю ╧ 1088",01,,,,46,8,0,1,2002-09-14,
642,642,"смхбепяюл ╧ 1156",01,,,,0,0,0,1,2003-01-18,
643,643,"ьйнкю ╧ 1094",01,,,,46,8,0,1,2002-12-09,
644,644,"юорейю ╧ 1074",01,,,,30,1,1,1,2003-06-04,
645,645,"юорейю ╧ 1078",01,,,,30,1,1,1,2003-03-01,
646,646,"гюбнд ╧ 1081",01,,,,420,293,0,1,2003-02-12,
647,647,"юорейю ╧ 1080",01,,,,30,1,1,1,2003-05-30,
648,648,"гюбнд ╧ 1094",01,,,,420,293,0,1,2003-05-02,
649,649,"смхбепяюл ╧ 1185",01,,,,0,0,0,1,2002-09-16,
650,650,цсо-1119,03,,,,0,0,0,1,2003-02-18,
651,651,"ьйнкю ╧ 1106",01,,,,46,8,0,1,2003-06-23,
652,652,"ьйнкю ╧ 1111",01,,,,46,8,0,1,2003-05-18,
653,653,"юорейю ╧ 1095",01,,,,30,1,1,1,2003-06-08,
654,654,"юорейю ╧ 1099",01,,,,30,1,1,1,2003-05-13,
655,655,"юорейю ╧ 1100",01,,,,30,1,1,1,2003-01-02,
656,656,во-1114,01,,,,0,0,0,1,2002-09-06,
657,657,"гюбнд ╧ 1103",01,,,,420,293,0,1,2003-01-15,
658,658,во-1116,01,,,,0,0,0,1,2003-03-19,
659,659,"гюбнд ╧ 1105",01,,,,420,293,0,1,2003-02-08,
660,660,"гюбнд ╧ 1109",01,,,,420,293,0,1,2003-02-03,
661,661,"ьйнкю ╧ 1122",01,,,,46,8,0,1,2002-11-24,
662,662,"ьйнкю ╧ 1123",01,,,,46,8,0,1,2002-08-18,
663,663,"ьйнкю ╧ 1129",01,,,,46,8,0,1,2002-10-07,
664,664,во-1126,01,,,,0,0,0,1,2003-03-25,
665,665,цсо-1136,03,,,,0,0,0,1,2003-04-15,
666,666,"смхбепяюл ╧ 1219",01,,,,0,0,0,1,2003-07-06,
667,667,цсо-1142,03,,,,0,0,0,1,2003-02-20,
668,668,"смхбепяюл ╧ 1220",01,,,,0,0,0,1,2002-09-16,
669,669,цсо-1143,03,,,,0,0,0,1,2002-11-21,
670,670,"гюбнд ╧ 1129",01,,,,420,293,0,1,2003-07-02,
671,671,цсо-1148,03,,,,0,0,0,1,2003-06-16,
672,672,"гюбнд ╧ 1130",01,,,,420,293,0,1,2002-11-17,
673,673,цсо-1149,03,,,,0,0,0,1,2002-12-03,
674,674,"гюбнд ╧ 1133",01,,,,420,293,0,1,2002-09-25,
675,675,"ьйнкю ╧ 1147",01,,,,46,8,0,1,2002-09-22,
676,676,"юорейю ╧ 1135",01,,,,30,1,1,1,2002-12-04,
677,677,"смхбепяюл ╧ 1228",01,,,,0,0,0,1,2002-08-09,
678,678,"гюбнд ╧ 1138",01,,,,420,293,0,1,2002-12-08,
679,679,"гюбнд ╧ 1142",01,,,,420,293,0,1,2003-03-21,
680,680,"юорейю ╧ 1142",01,,,,30,1,1,1,2003-01-16,
681,681,"гюбнд ╧ 1146",01,,,,420,293,0,1,2002-11-09,
682,682,во-1152,01,,,,0,0,0,1,2002-09-25,
683,683,"юорейю ╧ 1151",01,,,,30,1,1,1,2003-03-06,
684,684,во-1156,01,,,,0,0,0,1,2002-11-17,
685,685,"ьйнкю ╧ 1160",01,,,,46,8,0,1,2003-07-20,
686,686,цсо-1172,03,,,,0,0,0,1,2002-10-10,
687,687,"ьйнкю ╧ 1167",01,,,,46,8,0,1,2002-11-08,
688,688,"ьйнкю ╧ 1168",01,,,,46,8,0,1,2003-01-24,
689,689,"ьйнкю ╧ 1172",01,,,,46,8,0,1,2002-11-03,
690,690,во-1168,01,,,,0,0,0,1,2003-01-04,
691,691,"ьйнкю ╧ 1175",01,,,,46,8,0,1,2003-02-13,
692,692,цсо-1178,03,,,,0,0,0,1,2004-11-10,
693,693,"юорейю ╧ 1169",01,,,,30,1,1,1,2003-07-07,
694,694,"гюбнд ╧ 1163",01,,,,420,293,0,1,2003-05-07,
695,695,"юорейю ╧ 1174",01,,,,30,1,1,1,2003-06-09,
696,696,"гюбнд ╧ 1167",01,,,,420,293,0,1,2003-01-17,
697,697,во-1173,01,,,,0,0,0,1,2002-11-09,
698,698,во-1175,01,,,,0,0,0,1,2003-05-13,
699,699,"гюбнд ╧ 1172",01,,,,420,293,0,1,2003-01-01,
700,700,"гюбнд ╧ 1174",01,,,,420,293,0,1,2003-06-29,
701,701,во-1183,01,,,,0,0,0,1,2003-04-28,
702,702,"ьйнкю ╧ 1192",01,,,,46,8,0,1,2003-04-26,
703,703,цсо-1195,03,,,,0,0,0,1,2003-01-31,
704,704,"гюбнд ╧ 1180",01,,,,420,293,0,1,2002-09-09,
705,705,"юорейю ╧ 1187",01,,,,30,1,1,1,2003-06-14,
706,706,во-1195,01,,,,0,0,0,1,2002-12-17,
707,707,"гюбнд ╧ 1188",01,,,,420,293,0,1,2002-08-10,
708,708,"смхбепяюл ╧ 1276",01,,,,0,0,0,1,2002-08-19,
709,709,"ьйнкю ╧ 1209",01,,,,46,8,0,1,2003-02-06,
711,711,"юорейю ╧ 1197",01,,,,30,1,1,1,2003-05-06,
712,712,"гюбнд ╧ 1193",01,,,,420,293,0,1,2003-02-17,
713,713,во-1205,01,,,,0,0,0,1,2002-09-18,
714,714,"смхбепяюл ╧ 1289",01,,,,0,0,0,1,2002-12-22,
715,715,"юорейю ╧ 1207",01,,,,30,1,1,1,2003-05-05,
716,716,"гюбнд ╧ 1196",01,,,,420,293,0,1,2003-05-23,
717,717,"юорейю ╧ 1208",01,,,,30,1,1,1,2003-03-16,
718,718,"гюбнд ╧ 1202",01,,,,420,293,0,1,2003-03-09,
719,719,"юорейю ╧ 1214",01,,,,30,1,1,1,2002-10-27,
720,720,цсо-1228,03,,,,0,0,0,1,2003-05-23,
721,721,"смхбепяюл ╧ 1301",01,,,,0,0,0,1,2002-08-24,
722,722,"гюбнд ╧ 1211",01,,,,420,293,0,1,2003-02-10,
723,723,во-1236,01,,,,0,0,0,1,2003-03-21,
724,724,"гюбнд ╧ 1218",01,,,,420,293,0,1,2003-07-07,
725,725,"гюбнд ╧ 1219",01,,,,420,293,0,1,2002-09-19,
726,726,"юорейю ╧ 1230",01,,,,30,1,1,1,2003-02-28,
727,727,"ьйнкю ╧ 1238",01,,,,46,8,0,1,2002-08-27,
728,728,цсо-1242,03,,,,0,0,0,1,2002-11-16,
729,729,"юорейю ╧ 1234",01,,,,30,1,1,1,2003-02-13,
730,730,"ьйнкю ╧ 1243",01,,,,46,8,0,1,2003-05-15,
731,731,"смхбепяюл ╧ 1320",01,,,,0,0,0,1,2002-10-09,
732,732,"гюбнд ╧ 1237",01,,,,420,293,0,1,2003-03-03,
733,733,во-1257,01,,,,0,0,0,1,2003-07-30,
734,734,"ьйнкю ╧ 1253",01,,,,46,8,0,1,2003-05-26,
735,735,цсо-1255,03,,,,0,0,0,1,2003-03-28,
736,736,"смхбепяюл ╧ 1326",01,,,,0,0,0,1,2002-09-25,
737,737,"юорейю ╧ 1247",01,,,,30,1,1,1,2003-03-31,
738,738,"ьйнкю ╧ 1256",01,,,,46,8,0,1,2003-07-14,
739,739,"смхбепяюл ╧ 1331",01,,,,0,0,0,1,2002-12-14,
740,740,"гюбнд ╧ 1241",01,,,,420,293,0,1,2002-08-26,
741,741,"ьйнкю ╧ 1259",01,,,,46,8,0,1,2003-02-04,
742,742,"юорейю ╧ 1249",01,,,,30,1,1,1,2003-06-10,
743,743,"гюбнд ╧ 1244",01,,,,420,293,0,1,2002-08-03,
744,744,во-1266,01,,,,0,0,0,1,2002-08-31,
745,745,"гюбнд ╧ 1250",01,,,,420,293,0,1,2003-04-19,
746,746,"смхбепяюл ╧ 1337",01,,,,0,0,0,1,2002-08-26,
747,747,во-1270,01,,,,0,0,0,1,2003-06-30,
748,748,во-1271,01,,,,0,0,0,1,2002-08-30,
749,749,"смхбепяюл ╧ 1341",01,,,,0,0,0,1,2003-06-05,
750,750,во-1275,01,,,,0,0,0,1,2003-05-21,
752,752,"ьйнкю ╧ 1274",01,,,,46,8,0,1,2003-06-07,
753,753,"ьйнкю ╧ 1275",01,,,,46,8,0,1,2003-03-21,
754,754,"юорейю ╧ 1264",01,,,,30,1,1,1,2002-10-26,
755,755,"юорейю ╧ 1268",01,,,,30,1,1,1,2003-04-28,
756,756,"гюбнд ╧ 1271",01,,,,420,293,0,1,2002-08-27,
757,757,"смхбепяюл ╧ 1368",01,,,,0,0,0,1,2003-05-06,
758,758,"юорейю ╧ 1274",01,,,,30,1,1,1,2003-06-30,
759,759,"юорейю ╧ 1278",01,,,,30,1,1,1,2003-05-27,
760,760,цсо-1297,03,,,,0,0,0,1,2003-04-17,
761,761,"ьйнкю ╧ 1295",01,,,,46,8,0,1,2002-10-27,
762,762,"юорейю ╧ 1286",01,,,,30,1,1,1,2003-03-04,
763,763,"юорейю ╧ 1288",01,,,,30,1,1,1,2002-10-24,
764,764,"смхбепяюл ╧ 1377",01,,,,0,0,0,1,2002-10-05,
765,765,"юорейю ╧ 1297",01,,,,30,1,1,1,2003-06-02,
766,766,"смхбепяюл ╧ 1381",01,,,,0,0,0,1,2003-02-25,
767,767,цсо-1303,03,,,,0,0,0,1,2002-12-14,
768,768,"ьйнкю ╧ 1303",01,,,,46,8,0,1,2002-10-09,
769,769,"смхбепяюл ╧ 1390",01,,,,0,0,0,1,2003-04-01,
770,770,"юорейю ╧ 1305",01,,,,30,1,1,1,2003-01-08,
771,771,"юорейю ╧ 1319",01,,,,30,1,1,1,2002-10-12,
772,772,"юорейю ╧ 1320",01,,,,30,1,1,1,2003-06-11,
773,773,"юорейю ╧ 1325",01,,,,30,1,1,1,2003-07-26,
774,774,цсо-1344,03,,,,0,0,0,1,2002-11-05,
775,775,цсо-1346,03,,,,0,0,0,1,2003-05-11,
776,776,"смхбепяюл ╧ 1414",01,,,,0,0,0,1,2003-07-07,
777,777,"смхбепяюл ╧ 1418",01,,,,0,0,0,1,2003-07-01,
778,778,во-1350,01,,,,0,0,0,1,2003-04-15,
779,779,цсо-1348,03,,,,0,0,0,1,2002-08-10,
780,780,"гюбнд ╧ 1325",01,,,,420,293,0,1,2002-10-15,
781,781,во-1354,01,,,,0,0,0,1,2003-01-29,
782,782,во-1364,01,,,,0,0,0,1,2003-02-26,
783,783,"ьйнкю ╧ 1340",01,,,,46,8,0,1,2002-10-07,
784,784,"гюбнд ╧ 1344",01,,,,420,293,0,1,2003-06-15,
785,785,"ьйнкю ╧ 1346",01,,,,46,8,0,1,2003-03-17,
786,786,"юорейю ╧ 1359",01,,,,30,1,1,1,2003-02-11,
787,787,"ьйнкю ╧ 1347",01,,,,46,8,0,1,2002-09-30,
788,788,"ьйнкю ╧ 1352",01,,,,46,8,0,1,2002-12-14,
789,789,цсо-1369,03,,,,0,0,0,1,2002-12-02,
790,790,"гюбнд ╧ 1351",01,,,,420,293,0,1,2002-08-01,
791,791,"юорейю ╧ 1374",01,,,,30,1,1,1,2002-11-12,
792,792,цсо-1380,03,,,,0,0,0,1,2002-12-06,
793,793,"юорейю ╧ 1375",01,,,,30,1,1,1,2003-05-17,
794,794,"гюбнд ╧ 1363",01,,,,420,293,0,1,2002-11-22,
795,795,"ьйнкю ╧ 1370",01,,,,46,8,0,1,2002-09-23,
796,796,"ьйнкю ╧ 1371",01,,,,46,8,0,1,2003-02-16,
797,797,"гюбнд ╧ 1364",01,,,,420,293,0,1,2003-03-02,
798,798,цсо-1390,03,,,,0,0,0,1,2003-01-17,
799,799,"гюбнд ╧ 1381",01,,,,420,293,0,1,2002-11-14,
800,800,"смхбепяюл ╧ 1469",01,,,,0,0,0,1,2003-07-30,
801,801,цсо-1405,03,,,,0,0,0,1,2003-07-22,
802,802,"юорейю ╧ 1402",01,,,,30,1,1,1,2002-08-25,
803,803,"ьйнкю ╧ 1391",01,,,,46,8,0,1,2002-09-11,
804,804,"смхбепяюл ╧ 1475",01,,,,0,0,0,1,2003-06-08,
805,805,"смхбепяюл ╧ 1477",01,,,,0,0,0,1,2003-02-27,
806,806,"смхбепяюл ╧ 1478",01,,,,0,0,0,1,2002-11-04,
807,807,"юорейю ╧ 1410",01,,,,30,1,1,1,2003-07-20,
808,808,во-1407,01,,,,0,0,0,1,2003-06-24,
809,809,цсо-1415,03,,,,0,0,0,1,2003-07-03,
810,810,"гюбнд ╧ 1399",01,,,,420,293,0,1,2003-06-18,
811,811,"юорейю ╧ 1416",01,,,,30,1,1,1,2002-10-17,
812,812,"ьйнкю ╧ 1403",01,,,,46,8,0,1,2002-08-27,
813,813,цсо-1419,03,,,,0,0,0,1,2002-09-30,
814,814,во-1410,01,,,,0,0,0,1,2003-04-22,
815,815,"смхбепяюл ╧ 1486",01,,,,0,0,0,1,2002-11-21,
816,816,"смхбепяюл ╧ 1489",01,,,,0,0,0,1,2003-01-21,
817,817,цсо-1423,03,,,,0,0,0,1,2003-02-01,
818,818,"смхбепяюл ╧ 1493",01,,,,0,0,0,1,2002-08-18,
819,819,"смхбепяюл ╧ 1494",01,,,,0,0,0,1,2003-05-19,
820,820,во-1422,01,,,,0,0,0,1,2003-06-29,
821,821,цсо-1427,03,,,,0,0,0,1,2003-02-17,
822,822,цсо-1428,03,,,,0,0,0,1,2002-09-19,
823,823,во-1423,01,,,,0,0,0,1,2003-04-18,
824,824,цсо-1432,03,,,,0,0,0,1,2002-10-09,
825,825,"юорейю ╧ 1434",01,,,,30,1,1,1,2002-10-28,
826,826,"гюбнд ╧ 1425",01,,,,420,293,0,1,2002-08-27,
827,827,"ьйнкю ╧ 1420",01,,,,0,0,0,1,2004-11-10,
828,828,"ьйнкю ╧ 1424",01,,,,46,8,0,1,2003-01-02,
829,829,"ьйнкю ╧ 1428",01,,,,46,8,0,1,2003-03-30,
830,830,"юорейю ╧ 1444",01,,,,30,1,1,1,2002-08-19,
831,831,"ьйнкю ╧ 1432",01,,,,46,8,0,1,2003-02-07,
832,832,"гюбнд ╧ 1439",01,,,,420,293,0,1,2003-01-29,
833,833,"смхбепяюл ╧ 1517",01,,,,0,0,0,1,2003-03-06,
834,834,во-1436,01,,,,0,0,0,1,2003-02-08,
835,835,"гюбнд ╧ 1441",01,,,,420,293,0,1,2003-06-08,
836,836,"юорейю ╧ 1454",01,,,,30,1,1,1,2002-10-13,
837,837,"гюбнд ╧ 1443",01,,,,420,293,0,1,2002-11-13,
838,838,"смхбепяюл ╧ 1526",01,,,,0,0,0,1,2003-07-22,
839,839,"юорейю ╧ 1459",01,,,,30,1,1,1,2003-01-29,
840,840,"ьйнкю ╧ 1443",01,,,,46,8,0,1,2003-06-14,
841,841,во-1446,01,,,,0,0,0,1,2002-10-07,
842,842,"юорейю ╧ 1462",01,,,,30,1,1,1,2003-01-21,
843,843,во-1449,01,,,,0,0,0,1,2003-06-04,
844,844,во-1452,01,,,,0,0,0,1,2003-02-24,
845,845,"юорейю ╧ 1468",01,,,,30,1,1,1,2003-02-13,
846,846,"гюбнд ╧ 1462",01,,,,420,293,0,1,2002-10-24,
847,847,во-1456,01,,,,0,0,0,1,2002-09-29,
848,848,цсо-1477,03,,,,0,0,0,1,2002-12-10,
849,849,цсо-1478,03,,,,0,0,0,1,2003-04-20,
850,850,"ЬЙНКЮ ╧ 1450",01,,,,46,8,0,1,2003-07-22,
851,851,"юорейю ╧ 1479",01,,,,30,1,1,1,2003-05-12,
852,852,"гюбнд ╧ 1466",01,,,,420,293,0,1,2002-11-03,
853,853,"смхбепяюл ╧ 1540",01,,,,0,0,0,1,2003-04-19,
854,854,"ьйнкю ╧ 1456",01,,,,46,8,0,1,2002-09-21,
855,855,"гюбнд ╧ 1472",01,,,,420,293,0,1,2003-01-17,
856,856,"гюбнд ╧ 1474",01,,,,420,293,0,1,2002-11-06,
857,857,"смхбепяюл ╧ 1543",01,,,,0,0,0,1,2002-11-05,
858,858,"ьйнкю ╧ 1462",01,,,,100000,2,2,1,2009-10-14,
859,859,"гюбнд ╧ 1479",01,,,,420,293,0,1,2002-10-10,
860,860,цсо-1501,03,,,,0,0,0,1,2003-04-12,
861,861,"смхбепяюл ╧ 1550",01,,,,0,0,0,1,2002-12-16,
862,862,во-1479,01,,,,0,0,0,1,2002-11-24,
863,863,во-1480,01,,,,0,0,0,1,2003-07-22,
864,864,"гюбнд ╧ 1493",01,,,,420,293,0,1,2002-08-23,
865,865,"юорейю ╧ 1511",01,,,,30,1,1,1,2003-06-28,
866,866,"гюбнд ╧ 1496",01,,,,420,293,0,1,2002-08-29,
867,867,"гюбнд ╧ 1500",01,,,,420,293,0,1,2002-12-22,
868,868,"ьйнкю ╧ 1483",01,,,,46,8,0,1,2003-06-14,
869,869,во-1486,01,,,,0,0,0,1,2003-06-04,
870,870,"юорейю ╧ 1516",01,,,,30,1,1,1,2003-01-07,
871,871,во-1489,01,,,,0,0,0,1,2003-05-25,
872,872,"ьйнкю ╧ 1494",01,,,,46,8,0,1,2003-02-28,
873,873,"юорейю ╧ 1524",01,,,,30,1,1,1,2002-11-15,
874,874,"юорейю ╧ 1526",01,,,,30,1,1,1,2002-11-10,
875,875,"юорейю ╧ 1528",01,,,,30,1,1,1,2003-07-14,
876,876,"смхбепяюл ╧ 1578",01,,,,0,0,0,1,2002-08-07,
877,877,цсо-1537,03,,,,0,0,0,1,2003-03-18,
878,878,"ьйнкю ╧ 1512",01,,,,46,8,0,1,2002-12-12,
879,879,"юорейю ╧ 1536",01,,,,30,1,1,1,2003-07-11,
880,880,"юорейю ╧ 1541",01,,,,30,1,1,1,2003-07-16,
881,881,во-1509,01,,,,0,0,0,1,2003-05-10,
882,882,"гюбнд ╧ 1538",01,,,,420,293,0,1,2002-11-16,
883,883,"ьйнкю ╧ 1523",01,,,,46,8,0,1,2002-10-30,
884,884,"ьйнкю ╧ 1525",01,,,,46,8,0,1,2002-11-27,
885,885,во-1513,01,,,,0,0,0,1,2003-05-29,
886,886,"юорейю ╧ 1550",01,,,,30,1,1,1,2003-04-18,
887,887,"ьйнкю ╧ 1530",01,,,,46,8,0,1,2003-06-06,
888,888,"юорейю ╧ 1555",01,,,,30,1,1,1,2003-02-24,
889,889,"гюбнд ╧ 1544",01,,,,420,293,0,1,2003-02-27,
890,890,"юорейю ╧ 1558",01,,,,30,1,1,1,2002-08-22,
891,891,во-1518,01,,,,0,0,0,1,2002-12-12,
892,892,во-1519,01,,,,0,0,0,1,2003-07-08,
893,893,"смхбепяюл ╧ 1613",01,,,,0,0,0,1,2003-03-24,
894,894,"юорейю ╧ 1561",01,,,,30,1,1,1,2003-02-07,
895,895,"ьйнкю ╧ 1538",01,,,,46,8,0,1,2002-11-27,
896,896,"юорейю ╧ 1562",01,,,,30,1,1,1,2003-06-16,
897,897,цсо-1567,03,,,,0,0,0,1,2003-01-10,
898,898,"смхбепяюл ╧ 1616",01,,,,0,0,0,1,2003-06-28,
899,899,цсо-1568,03,,,,0,0,0,1,2002-12-22,
900,900,"юорейю ╧ 1565",01,,,,30,1,1,1,2003-01-12,
901,901,"ьйнкю ╧ 1544",01,,,,0,0,0,1,2004-11-10,
902,902,"гюбнд ╧ 1555",01,,,,420,293,0,1,2003-01-27,
903,903,цсо-1573,03,,,,0,0,0,1,2002-10-02,
904,904,"юорейю ╧ 1567",01,,,,30,1,1,1,2002-12-16,
905,905,"смхбепяюл ╧ 1628",01,,,,0,0,0,1,2003-02-24,
906,906,цсо-1584,03,,,,0,0,0,1,2002-10-15,
907,907,во-1536,01,,,,0,0,0,1,2003-05-06,
908,908,во-1538,01,,,,0,0,0,1,2002-11-01,
909,909,"ьйнкю ╧ 1560",01,,,,46,8,0,1,2003-01-04,
910,910,во-1540,01,,,,0,0,0,1,2002-09-30,
911,911,"гюбнд ╧ 1568",01,,,,420,293,0,1,2002-11-25,
912,912,во-1541,01,,,,0,0,0,1,2003-04-08,
913,913,"гюбнд ╧ 1569",01,,,,420,293,0,1,2003-04-26,
914,914,во-1545,01,,,,0,0,0,1,2002-08-10,
915,915,"юорейю ╧ 1579",01,,,,30,1,1,1,2003-03-13,
916,916,"смхбепяюл ╧ 1647",01,,,,0,0,0,1,2002-08-06,
917,917,во-1550,01,,,,0,0,0,1,2003-06-23,
918,918,цсо-1595,03,,,,0,0,0,1,2002-08-05,
919,919,во-1554,01,,,,0,0,0,1,2003-03-16,
920,920,"смхбепяюл ╧ 1650",01,,,,0,0,0,1,2003-04-19,
921,921,цсо-1600,03,,,,0,0,0,1,2002-11-01,
922,922,"гюбнд ╧ 1591",01,,,,420,293,0,1,2003-05-06,
923,923,"ьйнкю ╧ 1600",01,,,,46,8,0,1,2002-11-06,
924,924,"юорейю ╧ 1597",01,,,,30,1,1,1,2003-04-11,
925,925,во-1572,01,,,,0,0,0,1,2003-03-12,
926,926,цсо-1610,03,,,,0,0,0,1,2002-08-10,
927,927,"ьйнкю ╧ 1605",01,,,,46,8,0,1,2003-06-13,
928,928,"юорейю ╧ 1602",01,,,,30,1,1,1,2003-07-14,
929,929,"смхбепяюл ╧ 1670",01,,,,0,0,0,1,2003-01-10,
930,930,цсо-1616,03,,,,0,0,0,1,2002-09-07,
931,931,"ьйнкю ╧ 1611",01,,,,46,8,0,1,2002-09-03,
932,932,во-1586,01,,,,0,0,0,1,2003-05-03,
933,933,"ьйнкю ╧ 1620",01,,,,46,8,0,1,2002-08-14,
934,934,цсо-1630,03,,,,0,0,0,1,2003-06-15,
935,935,цсо-1631,03,,,,0,0,0,1,2003-07-16,
936,936,"ьйнкю ╧ 1627",01,,,,46,8,0,1,2003-01-20,
937,937,во-1600,01,,,,0,0,0,1,2003-02-10,
938,938,"смхбепяюл ╧ 1692",01,,,,0,0,0,1,2003-04-29,
939,939,"смхбепяюл ╧ 1694",01,,,,0,0,0,1,2003-01-22,
940,940,"ьйнкю ╧ 1633",01,,,,46,8,0,1,2003-05-23,
941,941,"смхбепяюл ╧ 1696",01,,,,0,0,0,1,2003-02-24,
942,942,цсо-1645,03,,,,0,0,0,1,2002-11-27,
943,943,во-1610,01,,,,0,0,0,1,2002-12-03,
944,944,во-1613,01,,,,0,0,0,1,2003-01-14,
945,945,во-1618,01,,,,0,0,0,1,2003-03-19,
946,946,цсо-1651,03,,,,0,0,0,1,2003-05-17,
947,947,цсо-1653,03,,,,0,0,0,1,2003-02-01,
948,948,"смхбепяюл ╧ 1711",01,,,,0,0,0,1,2003-04-19,
949,949,"ьйнкю ╧ 1648",01,,,,46,8,0,1,2003-02-26,
950,950,во-1631,01,,,,0,0,0,1,2002-08-18,
951,951,"ЬЙНКЮ ╧ 1649",01,,,,46,8,0,1,2003-04-19,
952,952,"юорейю ╧ 1652",01,,,,30,1,1,1,2009-10-09,
977,968,"рБЕПЯЙНИ ТХГХЙН-РЕУМХВЕЯЙХИ ХМЯРХРСР  ",01,,1,,24,10,4,1,2009-10-09,
987,,"2-НИ НРДЕК сОПЮБШ юПАЮР",01,,187,763,181057,49438,188,0,2015-08-12,3
988,,"2-НИ НРДЕК сОПЮБШ юПАЮР",02,,0,135,0,0,0,0,,3
989,,"2-НИ НРДЕК сОПЮБШ юПАЮР",03,,0,135,0,0,0,0,,3
990,,"2-НИ НРДЕК сОПЮБШ юПАЮР",04,,0,0,,,,0,,3
991,,"2-НИ НРДЕК сОПЮБШ юПАЮР",05,,,,0,0,0,1,,3
992,,"2-НИ НРДЕК сОПЮБШ юПАЮР",06,,,,0,0,0,1,,3
1027,976,"тХКХЮК нюн ""ян-ждс ещя"" нАЗЕДХМЕММНЕ ДХЯОЕРВЕПЯЙНЕ СОПЮБКЕМХЕ  ЩМЕПЦНЯХЯРЕЛЮЛХ  жЕМРПЮ",01,,1,,183,52,1,1,2010-04-06,
